City_ID,City,Lat,Lng,Max Temp,Humidity,Cloudiness,Wind Speed,Country,Date
0,rio gallegos,-51.6226,-69.2181,10.03,66,40,10.8,AR,1682616867
1,jamestown,42.097,-79.2353,14.73,39,0,2.06,US,1682616707
2,chodavaram,17.8333,82.95,25.91,69,52,1.2,IN,1682616867
3,prince george,53.9166,-122.753,7.92,47,0,4.63,CA,1682616740
4,nova sintra,14.8667,-24.7167,20.0,77,37,6.77,CV,1682616868
5,bredasdorp,-34.5322,20.0403,15.73,77,59,3.59,ZA,1682616858
6,berezovyy,51.6667,135.7,-1.37,94,100,1.39,RU,1682616868
7,college,64.8569,-147.8028,2.97,59,75,0.0,US,1682616868
8,punta arenas,-53.15,-70.9167,8.06,57,0,14.4,CL,1682616577
9,port-aux-francais,-49.35,70.2167,6.05,70,88,11.55,TF,1682616869
10,adamstown,-25.066,-130.1015,23.78,67,94,3.24,PN,1682616869
11,longyearbyen,78.2186,15.6401,-2.09,74,75,8.23,SJ,1682616869
12,sitka,57.0531,-135.33,4.94,81,100,6.17,US,1682616869
13,waitangi,-43.9535,-176.5597,11.01,75,42,1.34,NZ,1682616869
14,edinburgh of the seven seas,-37.0676,-12.3116,17.18,80,89,8.74,SH,1682616870
15,dudinka,69.4058,86.1778,-11.32,100,87,1.23,RU,1682616870
16,margaret river,-33.95,115.0667,12.45,74,74,2.83,AU,1682616870
17,stanley,54.868,-1.6985,10.4,78,40,2.57,GB,1682616870
18,san luis,-33.295,-66.3356,26.84,24,84,5.09,AR,1682616871
19,ushuaia,-54.8,-68.3,5.81,70,75,10.29,AR,1682616818
20,saipan,15.1355,145.701,27.39,89,40,8.23,MP,1682616871
21,nuuk,64.1835,-51.7216,2.34,80,20,10.29,GL,1682616871
22,sangli,16.8544,74.5642,26.92,48,13,4.61,IN,1682616641
23,sanctuary point,-35.1114,150.629,17.96,83,3,2.87,AU,1682616872
24,razole,16.4833,81.8333,26.49,84,11,1.67,IN,1682616872
25,olonkinbyen,70.9221,-8.7187,-1.25,96,99,10.08,SJ,1682616872
26,uturoa,-16.7333,-151.4333,27.89,78,31,5.22,PF,1682616873
27,camocim de sao felix,-8.3586,-35.7619,24.57,76,99,2.38,BR,1682616873
28,yellowknife,62.456,-114.3525,2.29,93,75,5.36,CA,1682616874
29,rabigh,22.7986,39.0349,28.05,42,22,3.79,SA,1682616874
30,bilibino,68.0546,166.4372,-16.4,88,8,1.85,RU,1682616874
31,margate,51.3813,1.3862,11.61,76,100,0.89,GB,1682616875
32,vernon,50.2581,-119.2691,15.97,24,70,2.24,CA,1682616875
33,cockburn town,21.4612,-71.1419,25.75,74,30,2.97,TC,1682616875
34,port mathurin,-19.6833,63.4167,26.15,81,54,6.84,MU,1682616876
35,kapuskasing,49.4169,-82.4331,5.05,70,100,5.14,CA,1682616722
36,vorkuta,67.5,64.0,-7.45,90,85,7.16,RU,1682616876
37,saldanha,-33.0117,17.9442,16.03,83,4,1.71,ZA,1682616876
38,ostrow mazowiecka,52.8024,21.8951,5.51,68,74,2.87,PL,1682616877
39,mount pearl,47.5166,-52.7813,6.64,83,100,8.23,CA,1682616877
40,isafjordur,66.0755,-23.124,1.02,51,40,6.17,IS,1682616877
41,yorkton,51.2167,-102.4677,7.91,57,75,5.66,CA,1682616877
42,colonia,50.9333,6.95,15.53,43,0,2.57,DE,1682616689
43,alice springs,-23.7,133.8833,16.75,82,75,2.77,AU,1682616878
44,wailua homesteads,22.0669,-159.378,20.97,80,0,4.12,US,1682616878
45,sturgis,41.7992,-85.4192,15.17,19,0,3.09,US,1682616878
46,saint-louis,16.3333,-15.0,43.8,9,0,3.21,SN,1682616878
47,semdinli,37.3051,44.5742,15.02,56,73,1.82,TR,1682616878
48,puerto ayora,-0.7393,-90.3518,29.98,85,43,4.47,EC,1682616879
49,nemuro,43.3236,145.575,5.65,62,1,8.61,JP,1682616831
50,baharampur,24.1,88.25,30.16,40,57,2.04,IN,1682616880
51,iqaluit,63.7506,-68.5145,-0.15,93,75,6.71,CA,1682616881
52,ilulissat,69.2167,-51.1,0.01,80,40,4.63,GL,1682616882
53,ribeira grande,38.5167,-28.7,18.22,82,40,8.75,PT,1682616883
54,lazaro cardenas,17.9583,-102.2,28.67,55,63,4.27,MX,1682616797
55,tiksi,71.6872,128.8694,-13.35,89,10,2.18,RU,1682616883
56,grytviken,-54.2811,-36.5092,3.07,91,49,4.12,GS,1682616883
57,yoko,5.5333,12.3167,20.23,87,95,1.52,CM,1682616884
58,tsiombe,-25.3,45.4833,19.77,81,27,2.81,MG,1682616884
59,kasamwa,-2.85,32.4333,19.35,90,100,1.44,TZ,1682616884
60,hafar al-batin,28.4328,45.9708,30.32,28,0,2.06,SA,1682616885
61,albany,42.6001,-73.9662,14.46,60,81,0.58,US,1682616750
62,murghob,38.1702,73.9667,-3.15,40,68,2.16,TJ,1682616885
63,anadyr,64.75,177.4833,-11.72,79,0,7.0,RU,1682616885
64,papatowai,-46.5619,169.4708,8.67,93,3,1.21,NZ,1682616885
65,kill devil hills,36.0307,-75.676,18.0,82,100,4.63,US,1682616886
66,igarka,67.4667,86.5833,-6.84,96,100,0.72,RU,1682616886
67,bogale,16.2833,95.4,28.34,68,5,2.91,MM,1682616886
68,vila velha,-20.3297,-40.2925,31.97,63,20,5.14,BR,1682616886
69,georgetown,5.4112,100.3354,26.96,94,20,1.54,MY,1682616614
70,puerto natales,-51.7236,-72.4875,5.25,90,99,3.97,CL,1682616886
71,dolores,-36.3132,-57.6792,23.34,35,44,2.41,AR,1682616886
72,qulsary,46.9531,54.0198,21.65,42,100,3.11,KZ,1682616886
73,atafu village,-8.5421,-172.5159,28.75,71,96,5.83,TK,1682616887
74,vadso,70.0744,29.7487,4.49,81,0,7.2,NO,1682616887
75,tazacorte,28.629,-17.9293,23.42,70,75,3.09,ES,1682616887
76,bengkulu,-3.8004,102.2655,24.81,92,100,1.97,ID,1682616887
77,badger,64.8,-147.5333,2.93,59,75,0.0,US,1682616887
78,hadibu,12.65,54.0333,28.52,78,15,2.93,YE,1682616887
79,bonthe,7.5264,-12.505,28.48,66,10,5.05,SL,1682616888
80,bagula,23.3167,88.65,28.69,53,67,3.59,IN,1682616888
81,istgah-e rah ahan-e garmsar,35.2346,52.3094,23.16,37,99,1.59,IR,1682616888
82,kingston,17.997,-76.7936,29.58,74,83,2.24,JM,1682616888
83,polyarnyy,69.1989,33.4478,-0.05,87,34,6.78,RU,1682616888
84,hermanus,-34.4187,19.2345,16.0,80,52,4.79,ZA,1682616889
85,qaqortoq,60.7167,-46.0333,3.19,72,70,3.49,GL,1682616889
86,walvis bay,-22.9575,14.5053,15.61,66,7,7.63,,1682616889
87,bethel,41.3712,-73.414,12.1,82,100,2.06,US,1682616819
88,chui,-33.6971,-53.4616,23.86,52,0,3.62,UY,1682616889
89,vorgashor,67.5833,63.95,-7.65,90,84,7.23,RU,1682616889
90,ust-nera,64.5667,143.2,-11.99,93,29,0.57,RU,1682616889
91,sarai sidhu,30.5949,71.9698,29.01,24,95,2.1,PK,1682616890
92,qamdo,31.1667,97.2333,0.77,63,90,0.51,CN,1682616890
93,fale old settlement,-9.3852,-171.2468,28.51,71,97,4.75,TK,1682616890
94,west island,-12.1568,96.8225,26.99,89,75,6.17,CC,1682616890
95,tralee,52.2704,-9.7026,13.14,88,75,3.6,IE,1682616803
96,ahraura,25.0167,83.0167,29.88,26,19,2.46,IN,1682616891
97,richards bay,-28.783,32.0377,24.47,76,70,4.92,ZA,1682616891
98,acarau,-2.8856,-40.12,25.13,86,100,4.4,BR,1682616814
99,port blair,11.6667,92.75,28.63,74,95,1.74,IN,1682616891
100,severo-yeniseyskiy,60.3725,93.0408,-5.56,97,100,1.39,RU,1682616891
101,rikaze,29.25,88.8833,6.26,36,91,2.03,CN,1682616891
102,chonchi,-42.6128,-73.8092,10.62,98,100,1.42,CL,1682616892
103,goba,7.0167,39.9833,10.41,85,100,1.38,ET,1682616892
104,sieradz,51.5958,18.7302,8.6,55,85,2.52,PL,1682616892
105,williams lake,52.1415,-122.1445,11.14,38,75,2.06,CA,1682616892
106,nema,57.5067,50.5011,10.51,93,54,3.06,RU,1682616892
107,nar'yan-mar,67.6713,53.087,-4.07,91,100,4.4,RU,1682616674
108,kaduy,59.2,37.15,9.78,80,26,4.3,RU,1682616892
109,fisterra,42.9049,-9.2629,20.01,75,100,1.73,ES,1682616892
110,mammoth lakes,37.6485,-118.9721,14.08,25,0,2.06,US,1682616804
111,pandan,14.0453,124.1694,26.46,85,7,3.99,PH,1682616893
112,lebu,-37.6167,-73.65,16.04,81,97,5.81,CL,1682616742
113,marsciano,42.9059,12.3359,19.99,65,96,1.59,IT,1682616893
114,pisco,-13.7,-76.2167,23.9,78,0,4.12,PE,1682616893
115,saint-denis,48.9167,2.3333,18.09,64,0,5.14,FR,1682616893
116,keflavik,64.0049,-22.5624,4.24,87,75,4.63,IS,1682616893
117,chervona sloboda,49.3789,32.1464,7.17,88,100,7.27,UA,1682616894
118,yanam,16.7333,82.2167,26.23,86,27,1.89,IN,1682616894
119,blackmans bay,-43.0167,147.3167,12.07,86,5,3.36,AU,1682616894
120,shalqar,47.8333,59.6,20.27,20,100,3.85,KZ,1682616894
121,tyumentsevo,53.3224,81.498,14.71,47,100,4.57,RU,1682616894
122,tome acu,-2.4189,-48.1522,30.66,62,77,0.52,BR,1682616879
123,ribeira brava,32.65,-17.0667,26.11,53,14,2.47,PT,1682616895
124,semporna,4.4818,118.6112,26.63,83,100,1.07,MY,1682616895
125,thompson,55.7435,-97.8558,3.09,56,0,6.69,CA,1682616895
126,manokwari,-0.8667,134.0833,25.31,83,90,1.37,ID,1682616895
127,avarua,-21.2078,-159.775,24.03,78,40,3.09,CK,1682616895
128,lata,40.1629,-8.3327,23.31,47,91,2.19,PT,1682616895
129,morehead city,34.7229,-76.726,22.25,68,100,4.63,US,1682616718
130,tangalle,6.024,80.7911,26.51,84,93,3.17,LK,1682616895
131,guiuan,11.0333,125.7247,28.09,80,81,5.28,PH,1682616896
132,capelinha,-17.6914,-42.5158,29.64,33,16,0.87,BR,1682616896
133,fochville,-26.4886,27.4939,18.88,55,58,1.45,ZA,1682616896
134,abalak,58.1286,68.5944,13.47,61,64,3.72,RU,1682616896
135,tazovsky,67.4667,78.7,-6.32,93,97,2.88,RU,1682616896
136,pak phanang,8.3511,100.202,28.18,76,97,2.04,TH,1682616896
137,rongelap,11.1635,166.8941,26.72,83,36,9.0,MH,1682616896
138,aral,40.5156,81.2636,17.9,18,85,3.79,CN,1682616896
139,petropavlovsk-kamchatsky,53.0452,158.6483,1.33,55,0,3.0,RU,1682616897
140,ahvaz,31.3203,48.6693,29.97,19,0,1.03,IR,1682616897
141,funafuti,-8.5243,179.1942,29.0,84,20,4.12,TV,1682616897
142,port elizabeth,-33.918,25.5701,20.05,80,40,8.75,ZA,1682616897
143,rexburg,43.826,-111.7897,14.9,41,0,5.66,US,1682616781
144,kristiansund,63.1115,7.732,3.36,87,75,6.69,NO,1682616897
145,nouadhibou,20.931,-17.0347,21.99,68,0,8.75,MR,1682616897
146,acapulco de juarez,16.8634,-99.8901,29.9,66,20,3.09,MX,1682616691
147,pudasjarvi,65.3833,26.9167,2.82,99,100,5.69,FI,1682616897
148,ghadamis,30.1337,9.5007,30.14,10,0,3.95,LY,1682616897
149,north tamworth,-31.0778,150.9261,12.06,94,75,1.03,AU,1682616898
150,amparafaravola,-17.5833,48.2167,18.28,96,30,1.62,MG,1682616898
151,vikhorevka,56.1201,101.1636,-0.23,98,62,1.73,RU,1682616898
152,tura,25.5198,90.2201,24.48,45,100,1.25,IN,1682616898
153,port-vila,-17.7338,168.3219,25.0,80,6,3.39,VU,1682616898
154,strezhevoy,60.7333,77.5889,2.33,100,100,1.93,RU,1682616898
155,galliano,29.4422,-90.2992,24.44,78,100,4.63,US,1682616644
156,whitehorse,60.7161,-135.0538,2.79,59,75,5.14,CA,1682616898
157,aasiaat,68.7098,-52.8699,-1.01,84,88,3.41,GL,1682616898
158,pitoa,9.3833,13.5333,34.57,30,100,2.18,CM,1682616899
159,pucallpa,-8.3791,-74.5539,30.02,66,75,2.57,PE,1682616899
160,kachug,53.9606,105.8817,-0.61,84,97,1.16,RU,1682616899
161,sainyabuli,19.25,101.75,21.57,89,1,0.4,LA,1682616899
162,lautoka,-17.6167,177.4667,26.92,83,40,3.6,FJ,1682616899
163,susuman,62.7833,148.1667,-9.9,97,100,1.24,RU,1682616899
164,happy valley-goose bay,53.3168,-60.3315,8.17,57,75,4.63,CA,1682616899
165,talnakh,69.4865,88.3972,-11.55,97,99,0.57,RU,1682616899
166,iskateley,67.6803,53.1512,-3.98,90,100,4.43,RU,1682616899
167,puerto aysen,-45.4,-72.7,10.79,84,100,1.44,CL,1682616731
168,invercargill,-46.4,168.35,5.62,99,33,1.22,NZ,1682616745
169,gaiman,-43.2897,-65.4929,20.23,28,97,3.81,AR,1682616900
170,cumanayagua,22.1494,-80.2022,31.23,35,99,2.36,CU,1682616900
171,enewetak,11.3474,162.3373,26.92,80,84,9.91,MH,1682616900
172,nova vicosa,-17.8919,-39.3719,28.76,64,2,4.53,BR,1682616900
173,tolanaro,-25.0319,46.9987,23.04,88,40,4.12,MG,1682616900
174,miri,4.4148,114.0089,27.08,94,20,0.51,MY,1682616901
175,okhotsk,59.3833,143.3,-3.72,82,91,4.66,RU,1682616901
176,afaahiti,-17.75,-149.2833,25.93,81,66,4.75,PF,1682616902
177,songjianghe,42.1859,127.479,6.33,63,100,3.5,CN,1682616902
178,hithadhoo,-0.6,73.0833,29.04,75,98,3.63,MV,1682616903
179,palembang,-2.9167,104.7458,26.05,94,20,0.0,ID,1682616903
180,hawaiian paradise park,19.5933,-154.9731,24.39,92,0,1.54,US,1682616903
181,fort bragg,35.139,-79.006,19.34,82,100,4.12,US,1682616905
182,kuta,-8.7233,115.1723,27.97,88,40,2.24,ID,1682616905
183,mount isa,-20.7333,139.5,14.87,82,66,0.0,AU,1682616906
184,lihue,21.9789,-159.3672,21.31,80,0,4.12,US,1682616906
185,horta,38.5333,-28.6333,17.8,85,40,8.75,PT,1682616907
186,mata-utu,-13.2816,-176.1745,28.22,70,100,1.48,WF,1682616907
187,cabo san lucas,22.8909,-109.9124,28.12,73,0,3.6,MX,1682616767
188,val-d'or,48.1002,-77.7828,7.05,53,75,4.63,CA,1682616908
189,tadine,-21.55,167.8833,22.78,76,52,7.59,NC,1682616908
190,kodiak,57.79,-152.4072,4.73,75,100,3.6,US,1682616909
191,iquique,-20.2208,-70.1431,23.02,83,11,4.34,CL,1682616760
192,santa cruz,-17.8,-63.1667,26.03,65,75,4.63,BO,1682616865
193,usogorsk,63.4106,48.6872,-3.35,94,87,2.31,RU,1682616910
194,el calafate,-50.3408,-72.2768,7.35,72,26,2.96,AR,1682616910
195,belle chasse,29.8549,-89.9906,24.44,73,75,5.14,US,1682616910
196,kavaratti,10.5669,72.642,28.53,71,26,1.68,IN,1682616911
197,springbok,-29.6643,17.8865,13.53,66,3,1.64,ZA,1682616911
198,bayside,40.8424,-124.0637,16.23,76,0,2.57,US,1682616901
199,ust'-ilimsk,58.0006,102.6619,-4.1,96,45,1.93,RU,1682616912
200,ternate,0.8,127.4,27.25,79,94,1.27,ID,1682616913
201,rabo de peixe,37.8,-25.5833,18.73,82,20,6.69,PT,1682616913
202,eyl,7.9803,49.8164,29.16,75,80,5.73,SO,1682616914
203,salinopolis,-0.6136,-47.3561,27.21,81,100,2.02,BR,1682616914
204,rio san juan,19.6439,-70.0763,27.5,69,75,3.17,DO,1682616914
205,kudachi,16.6333,74.85,28.42,49,69,3.1,IN,1682616915
206,utrik,11.2278,169.8474,26.55,84,41,8.45,MH,1682616915
207,puerto cabezas,14.0351,-83.3888,30.98,66,40,3.09,NI,1682616916
208,carnarvon,-24.8667,113.6333,20.8,48,52,10.29,AU,1682616917
209,hamilton,39.1834,-84.5333,19.79,44,0,2.57,US,1682616917
210,kangding,30.0513,101.9603,8.71,95,97,2.22,CN,1682616917
211,ad dabbah,18.05,30.95,32.87,9,46,7.95,SD,1682616917
212,la'ie,21.6477,-157.9253,23.98,91,74,3.25,US,1682616918
213,tromso,69.6496,18.957,8.01,61,0,1.54,NO,1682616918
214,jagdalpur,19.0667,82.0333,27.78,44,49,3.68,IN,1682616918
215,harrisburg,40.2737,-76.8844,17.61,61,75,2.57,US,1682616909
216,klyuchi,52.2667,79.1667,16.34,47,100,4.3,RU,1682616919
217,xiongzhou,25.1167,114.3,20.17,95,87,1.03,CN,1682616919
218,tyrnyauz,43.3828,42.9183,9.29,85,63,2.86,RU,1682616919
219,tutayev,57.8853,39.5406,11.12,85,41,3.12,RU,1682616920
220,constantia,44.1833,28.65,9.38,59,99,8.63,RO,1682616845
221,gadzhiyevo,69.2551,33.3362,-0.39,88,36,6.8,RU,1682616920
222,shakhtersk,48.0625,38.5167,13.63,80,96,1.5,UA,1682616921
223,paradip garh,20.3167,86.6167,28.17,80,7,5.09,IN,1682616921
224,yakeshi,49.2833,120.7333,0.99,84,20,2.76,CN,1682616921
225,santa rosa,14.3122,121.1114,27.99,75,0,4.16,PH,1682616916
226,minas de marcona,-15.2119,-75.1103,22.0,61,7,6.26,PE,1682616922
227,luderitz,-26.6481,15.1594,15.86,75,2,4.51,,1682616922
228,sablayan,12.8346,120.769,27.54,75,3,2.84,PH,1682616923
229,bhamo,24.2667,97.2333,24.68,41,2,0.52,MM,1682616923
230,bosaso,11.2842,49.1816,30.32,62,77,0.9,SO,1682616923
231,zavetnoye,47.1194,43.8903,16.38,57,90,3.89,RU,1682616924
232,broken hill,-31.95,141.4333,18.36,38,69,4.68,AU,1682616688
233,gebeit,21.0667,36.3167,25.77,24,33,3.5,SD,1682616924
234,faya-largeau,17.9257,19.1043,33.8,10,93,4.44,TD,1682616924
235,barcelos,41.5388,-8.6151,28.29,66,87,2.27,PT,1682616925
236,asaita,11.5636,41.4394,31.44,47,46,8.0,ET,1682616925
237,corner brook,48.9667,-57.9484,12.09,69,49,2.67,CA,1682616925
238,amga,60.8953,131.9608,-5.18,99,98,0.78,RU,1682616926
239,bugana,7.9992,7.5836,27.33,65,89,3.57,NG,1682616926
240,malango,-2.9627,119.9001,20.53,99,100,0.73,ID,1682616927
241,ilfracombe,51.2093,-4.1134,13.25,92,100,3.13,GB,1682616927
242,sao miguel do araguaia,-13.275,-50.1628,31.28,47,2,1.1,BR,1682616928
243,humaita,-7.5061,-63.0208,30.48,69,91,0.7,BR,1682616928
244,severnoye,56.3491,78.3619,14.89,51,100,4.89,RU,1682616928
245,moree,-29.4667,149.85,17.88,68,44,3.42,AU,1682616928
246,robore,-18.3333,-59.75,26.05,83,100,0.0,BO,1682616929
247,st. john's,47.5649,-52.7093,7.1,84,100,8.23,CA,1682616798
248,kailua-kona,19.6406,-155.9956,23.98,86,75,1.54,US,1682616929
249,praia da vitoria,38.7333,-27.0667,21.14,64,40,9.61,PT,1682616930
250,cloquet,46.7216,-92.4594,12.66,67,40,0.0,US,1682616930
251,tasqala,51.1167,50.3167,17.27,44,38,2.39,KZ,1682616930
252,brookings,44.3114,-96.7984,19.19,39,40,8.75,US,1682616932
253,petukhovo,55.0692,67.9019,19.45,28,98,6.69,RU,1682616932
254,prado,-17.3411,-39.2208,27.39,71,4,4.28,BR,1682616932
255,taoudenni,22.6783,-3.9836,38.06,6,0,5.13,ML,1682616933
256,karratha,-20.7377,116.8463,26.46,57,98,1.72,AU,1682616933
257,coronda,-31.9726,-60.9198,26.7,34,32,3.69,AR,1682616933
258,remire-montjoly,4.9167,-52.2667,28.02,78,100,1.03,GF,1682616934
259,preobrazheniye,42.9019,133.9064,6.14,86,75,3.53,RU,1682616934
260,vidor,30.1316,-94.0155,23.01,77,73,4.42,US,1682616934
261,jasidih,24.5167,86.65,28.55,28,56,2.85,IN,1682616935
262,port lincoln,-34.7333,135.8667,15.46,76,88,8.59,AU,1682616936
263,bamboo flat,11.7,92.7167,28.62,74,93,1.65,IN,1682616936
264,diu,20.7141,70.9822,25.88,83,40,4.53,IN,1682616936
265,taroa,8.7058,171.2275,27.7,80,83,6.38,MH,1682616937
266,gamay,12.3854,125.2979,25.84,90,57,2.56,PH,1682616937
267,kharp,66.8014,65.8081,-5.08,86,100,4.25,RU,1682616937
268,taksimo,56.3444,114.8794,-1.9,71,65,0.71,RU,1682616937
269,debre birhan,9.6833,39.5333,11.9,78,100,0.81,ET,1682616937
270,lompoc,34.6391,-120.4579,22.05,100,75,2.57,US,1682616742
271,betare oya,5.6,14.0833,22.43,76,86,1.73,CM,1682616938
272,mahavelona,-17.6848,49.5087,22.99,85,70,3.99,MG,1682616938
273,quinhamel,11.8833,-15.85,39.14,54,47,6.65,GW,1682616938
274,krotovka,53.2858,51.1686,16.1,46,39,1.81,RU,1682616939
275,kerch,45.3583,36.4758,12.84,86,98,5.0,UA,1682616939
276,isla aguada,18.7833,-91.4667,31.02,59,100,1.85,MX,1682616940
277,dunedin,-45.8742,170.5036,9.89,81,0,1.49,NZ,1682616663
278,port moresby,-9.4431,147.1797,25.68,94,75,3.6,PG,1682616940
279,raja,8.4596,25.678,27.08,61,84,2.4,SS,1682616940
280,arkalyk,50.2486,66.9114,18.05,31,53,3.33,KZ,1682616941
281,severobaykal'sk,55.65,109.3167,-4.29,86,72,2.42,RU,1682616941
282,geraldton,-28.7667,114.6,13.23,76,0,4.63,AU,1682616941
283,nizhneye kazanishche,42.7637,47.1603,7.29,80,67,0.85,RU,1682616942
284,hasaki,35.7333,140.8333,13.45,68,62,6.47,JP,1682616942
285,murun-kuren,49.6342,100.1625,-1.26,53,98,4.8,MN,1682616942
286,thayetmyo,19.3167,95.1833,29.74,46,11,1.55,MM,1682616942
287,leeds,53.7964,-1.5477,11.6,62,75,8.23,GB,1682616943
288,portland,45.5234,-122.6762,19.49,67,75,3.13,US,1682616869
289,coquimbo,-29.9533,-71.3436,14.85,82,100,3.09,CL,1682616911
290,egilsstadir,65.2653,-14.3948,-1.05,59,75,4.12,IS,1682616943
291,saint-yrieix-la-perche,45.516,1.2057,19.42,87,99,1.36,FR,1682616944
292,nikolayevsk-on-amure,53.1406,140.73,-0.77,96,100,3.56,RU,1682616944
293,katsuren-haebaru,26.3369,127.8719,22.01,73,40,2.57,JP,1682616944
294,zhanaozen,43.3,52.8,21.7,41,2,1.73,KZ,1682616944
295,nogliki,51.8333,143.1667,-1.24,98,100,4.0,RU,1682616944
296,beni,0.5,29.4667,17.54,98,72,1.34,CD,1682616944
297,pacific grove,36.6177,-121.9166,23.55,80,0,0.45,US,1682616945
298,khandyga,62.6667,135.6,-6.04,99,61,0.24,RU,1682616945
299,kiunga,-6.1219,141.2906,22.99,99,100,0.5,PG,1682616945
300,piti village,13.4626,144.6933,27.49,83,20,4.63,GU,1682616945
301,mejit,10.2753,170.8646,27.08,81,80,7.11,MH,1682616945
302,weiser,44.251,-116.9693,20.11,52,58,0.89,US,1682616946
303,gereida,11.2811,25.1414,27.02,60,98,4.99,SD,1682616946
304,antigonish,45.6169,-61.9986,8.64,79,100,0.45,CA,1682616946
305,las terrenas,19.311,-69.5428,30.93,62,20,2.57,DO,1682616946
306,gaigeturi,33.4644,126.3183,11.03,82,0,2.06,KR,1682616946
307,vorotynsk,54.4283,36.0465,15.96,81,92,2.07,RU,1682616946
308,shevchenko,48.5,35.0,13.47,84,100,4.03,UA,1682616947
309,shouguang,36.88,118.7375,13.66,79,72,4.5,CN,1682616947
310,chibougamau,49.9168,-74.3659,5.79,65,75,2.06,CA,1682616947
311,kroonstad,-27.6504,27.2349,18.13,70,82,2.97,ZA,1682616947
312,xique xique,-10.8217,-42.7311,31.32,42,12,1.25,BR,1682616947
313,yanbu,24.0891,38.0637,30.02,45,0,3.6,SA,1682616947
314,kargasok,59.0556,80.8572,7.22,91,100,4.34,RU,1682616948
315,port alfred,-33.5906,26.891,19.54,83,28,1.79,ZA,1682616948
316,iiyama,36.85,138.3667,8.97,75,0,1.46,JP,1682616948
317,prince albert,53.2001,-105.7677,3.97,75,100,2.57,CA,1682616948
318,anshun,26.25,105.9333,16.41,95,88,3.07,CN,1682616948
319,thunder bay,48.4001,-89.3168,4.99,87,100,13.89,CA,1682616819
320,stewartville,43.8555,-92.4885,17.99,50,75,8.75,US,1682616948
321,pearsall,28.8922,-99.095,28.96,40,0,3.92,US,1682616948
322,buurhakaba,2.8026,44.0781,27.86,71,100,4.33,SO,1682616949
323,xilin hot,43.9667,116.0333,5.69,24,100,3.36,CN,1682616949
324,kayangel,8.0823,134.7173,28.47,77,76,3.15,PW,1682616949
325,les avirons,-21.2418,55.3394,22.05,69,75,3.09,RE,1682616949
326,huarmey,-10.0681,-78.1522,26.65,72,57,4.7,PE,1682616949
327,almeria,37.1667,-2.3333,28.02,24,90,2.3,ES,1682616949
328,puerto santa,-8.9906,-78.6456,25.42,76,65,3.58,PE,1682616950
329,yuzhno-kurilsk,44.0306,145.8556,5.24,71,3,4.37,RU,1682616950
330,morant bay,17.8815,-76.4093,29.84,62,81,4.93,JM,1682616950
331,nushki,29.5542,66.0215,24.88,26,79,5.44,PK,1682616950
332,puerto gaitan,4.3133,-72.0816,31.28,58,98,1.45,CO,1682616774
333,chiredzi,-21.05,31.6667,21.94,58,0,2.64,ZW,1682616950
334,bikaner,28.0167,73.3,27.96,30,97,2.41,IN,1682616951
335,le grazie di ancona,43.6008,13.5153,16.64,51,87,1.54,IT,1682616951
336,sigli,5.3848,95.9609,26.91,80,99,1.81,ID,1682616951
337,usinsk,65.9939,57.5281,-4.51,90,84,6.81,RU,1682616951
338,okha,53.5739,142.9478,-1.16,96,100,6.07,RU,1682616951
339,codrington,-38.2667,141.9667,14.14,88,8,5.92,AU,1682616951
340,ancud,-41.8697,-73.8203,10.32,96,100,2.67,CL,1682616758
341,nakamura,32.9833,132.9333,11.11,85,59,1.01,JP,1682616951
342,sumbawa besar,-8.5,117.4333,23.86,94,99,1.05,ID,1682616951
343,vilyuysk,63.7553,121.6247,-1.15,91,82,3.92,RU,1682616951
344,nanakuli,21.3906,-158.1547,23.97,80,100,2.06,US,1682616952
345,east london,-33.0153,27.9116,19.52,82,0,4.12,ZA,1682616952
346,roma,43.2128,-75.4557,14.97,40,20,2.57,US,1682616943
347,laguna,38.421,-121.4238,28.94,43,0,1.54,US,1682616952
348,yaren,-0.5472,166.916,28.85,74,43,7.08,NR,1682616952
349,lipetsk,52.6031,39.5708,12.9,71,100,3.96,RU,1682616952
350,lerwick,60.1545,-1.1494,6.0,63,58,6.06,GB,1682616952
351,arawa,-6.2132,155.5367,24.94,91,23,1.06,PG,1682616952
352,mangrol,21.1167,70.1167,26.46,83,10,3.09,IN,1682616953
353,talakan,50.3167,130.3667,1.31,55,61,1.46,RU,1682616953
354,al kharijah,25.4514,30.5464,27.58,18,0,3.64,EG,1682616953
355,valle de la pascua,9.2155,-66.0073,35.44,36,51,2.66,VE,1682616953
356,kudymkar,59.0173,54.656,8.96,93,100,3.74,RU,1682616953
357,bay harbor,30.1471,-85.6146,23.97,85,75,7.2,US,1682616953
358,opuwo,-18.0607,13.84,26.25,30,48,3.13,,1682616953
359,tyukhtet,56.5389,89.3011,7.8,94,100,4.36,RU,1682616954
360,la passe,45.5549,-0.8967,22.13,83,97,2.61,FR,1682616954
361,mwinilunga,-11.7358,24.4293,15.84,63,63,1.63,ZM,1682616954
362,coeur d'alene,47.6777,-116.7805,17.19,39,0,3.13,US,1682616919
363,saudarkrokur,65.7461,-19.6394,0.94,55,4,3.57,IS,1682616954
364,rio grande,-32.035,-52.0986,23.06,58,3,4.19,BR,1682616954
365,tamanrasset,22.785,5.5228,30.95,9,40,6.69,DZ,1682616954
366,ambodifotatra,-16.9833,49.85,27.01,69,72,7.91,MG,1682616954
367,tionk essil,12.7856,-16.5217,35.03,51,20,7.51,SN,1682616954
368,amahai,-3.3333,128.9167,26.02,85,100,1.38,ID,1682616954
369,martapura,-3.4167,114.85,25.05,94,75,2.57,ID,1682616955
370,san juan de miraflores,-12.1629,-76.9635,25.29,73,58,4.22,PE,1682616955
371,barra de santo antonio,-9.4047,-35.5072,27.6,73,72,3.35,BR,1682616955
372,mwingi,-0.9344,38.0601,20.7,80,92,2.71,KE,1682616955
373,flying fish cove,-10.4217,105.6791,27.46,79,72,7.58,CX,1682616955
374,fortuna,40.5982,-124.1573,16.1,76,35,2.56,US,1682616955
375,medicine hat,50.0501,-110.6683,8.18,69,100,9.26,CA,1682616937
376,belyy yar,53.6039,91.3903,8.94,81,0,4.0,RU,1682616955
377,soufriere,13.8562,-61.0566,29.81,82,75,3.6,LC,1682616956
378,mil'kovo,55.6078,37.7956,17.22,75,79,2.16,RU,1682616956
379,rio verde de mato grosso,-18.9181,-54.8442,27.85,68,16,3.49,BR,1682616956
380,crane,31.3974,-102.3501,19.25,31,0,3.14,US,1682616956
381,port victoria,0.0939,33.9756,21.92,81,90,2.92,KE,1682616956
382,alofi,-19.0595,-169.9187,22.94,100,100,1.54,NU,1682616956
383,san justo,-30.7891,-60.5919,26.08,35,2,3.19,AR,1682616956
384,oranjemund,-28.55,16.4333,14.79,85,1,2.95,,1682616956
385,kloulklubed,7.0419,134.2556,27.28,79,65,2.58,PW,1682616956
386,maragogi,-9.0122,-35.2225,27.98,74,83,3.2,BR,1682616956
387,pechora,65.1472,57.2244,-3.2,88,86,5.85,RU,1682616957
388,trairi,-3.2778,-39.2689,25.57,82,100,4.76,BR,1682616742
389,howrah,22.5892,88.3103,25.0,88,40,2.06,IN,1682616957
390,villamontes,-21.25,-63.5,25.69,69,75,0.0,BO,1682616957
391,cabedelo,-6.9811,-34.8339,30.37,69,43,2.51,BR,1682616957
392,kerikeri,-35.2268,173.9474,12.17,92,93,1.29,NZ,1682616957
393,deoli,25.75,75.3833,27.13,36,98,5.11,IN,1682616957
394,guozhen,34.3659,107.359,14.12,58,100,1.2,CN,1682616957
395,arkhangel'sk,64.5401,40.5433,4.06,56,0,4.0,RU,1682616931
396,niquelandia,-14.4739,-48.4597,30.39,44,29,1.24,BR,1682616952
397,ulanhot,46.0833,122.0833,7.85,76,99,1.25,CN,1682616958
398,mersa matruh,31.3525,27.2453,19.11,72,40,7.2,EG,1682616958
399,buckie,57.6757,-2.9624,8.91,84,100,7.7,GB,1682616958
400,khategaon,22.6,76.9167,28.33,40,83,2.46,IN,1682616958
401,were ilu,10.6,39.4333,12.61,81,96,1.53,ET,1682616958
402,thinadhoo,0.5333,72.9333,28.99,76,38,2.82,MV,1682616865
403,irtyshsk,53.3333,75.4572,18.13,39,100,6.62,KZ,1682616958
404,hobyo,5.3505,48.5268,29.47,78,53,6.99,SO,1682616958
405,macara,-4.3833,-79.95,27.36,81,44,2.42,EC,1682616959
406,sarakhs,36.5449,61.1577,25.08,20,0,0.0,IR,1682616959
407,abrud,46.2667,23.0667,3.07,79,98,1.36,RO,1682616959
408,sharlyk,52.9167,54.75,16.16,51,25,2.07,RU,1682616959
409,saint-philippe,-21.3585,55.7679,23.77,80,15,4.73,RE,1682616959
410,kudahuvadhoo,2.6708,72.8944,28.86,73,84,2.25,MV,1682616959
411,zanjan,36.6736,48.4787,16.13,22,3,1.24,IR,1682616959
412,al jumum,21.6169,39.6981,30.1,28,48,3.63,SA,1682616959
413,puerto armuelles,8.2833,-82.8667,31.99,66,38,3.52,PA,1682616959
414,yambio,4.5721,28.3955,22.79,79,29,1.34,SS,1682616960
415,fada,9.5667,8.3,21.52,88,95,2.11,NG,1682616960
416,la mira,18.035,-102.3266,28.99,53,74,4.45,MX,1682616960
417,algona,43.07,-94.233,20.09,32,0,8.23,US,1682616960
418,ola,59.5833,151.2833,-3.25,78,6,4.83,RU,1682616960
419,santo domingo de los colorados,-0.25,-79.15,27.21,68,65,1.97,EC,1682616733
420,tvoroyri,61.5556,-6.8111,3.49,75,92,9.19,FO,1682616960
421,poronaysk,49.2167,143.1167,0.09,76,26,2.46,RU,1682616960
422,belaya kholunitsa,58.84,50.8528,9.7,95,100,2.28,RU,1682616960
423,yerofey pavlovich,53.9667,121.9667,-3.21,72,45,2.01,RU,1682616961
424,magadan,59.5667,150.8,-3.59,78,4,4.62,RU,1682616961
425,cooper's town,26.8667,-77.5167,24.72,75,13,5.79,BS,1682616961
426,north bend,43.4065,-124.2243,18.84,84,0,1.54,US,1682616961
427,new norfolk,-42.7826,147.0587,12.73,68,20,0.79,AU,1682616961
428,lubao,14.9167,120.55,26.04,76,3,1.59,PH,1682616961
429,tual,-5.6667,132.75,28.18,77,98,4.82,ID,1682616961
430,whakatane,-37.9585,176.9854,8.06,95,91,0.45,NZ,1682616962
431,chimore,-16.9833,-65.1333,29.13,66,43,1.19,BO,1682616963
432,bereznik,62.8551,42.7072,1.85,88,86,3.74,RU,1682616965
433,sihanoukville,10.6093,103.5296,24.97,88,75,1.03,KH,1682616965
434,smara,26.7384,-11.6719,36.85,14,6,8.86,EH,1682616966
435,mamadysh,55.7152,51.408,15.6,76,44,2.64,RU,1682616932
436,papar,5.7333,115.9333,27.0,90,74,1.94,MY,1682616966
437,turpan,42.9333,89.1667,20.27,16,15,2.84,CN,1682616967
438,petrolina,-9.3986,-40.5008,32.03,48,40,3.6,BR,1682616967
439,lynchburg,37.4138,-79.1423,21.78,56,40,0.0,US,1682616933
440,cuauhtemoc,28.4167,-106.8667,20.15,12,0,2.42,MX,1682616895
441,vangaindrano,-23.35,47.6,21.3,87,10,1.97,MG,1682616968
442,ilebo,-4.3167,20.5833,23.43,90,68,0.66,CD,1682616968
443,madugula,17.9167,82.8,25.58,73,74,0.83,IN,1682616968
444,jiuquan,39.7432,98.5174,3.73,25,66,5.16,CN,1682616968
445,bojnurd,37.4747,57.329,13.97,88,100,2.06,IR,1682616969
446,agat village,13.3886,144.6585,27.52,83,20,4.63,GU,1682616969
447,bawku,11.0616,-0.2417,33.63,34,46,4.59,GH,1682616969
448,heihe,50.2441,127.4902,0.32,36,76,1.61,CN,1682616970
449,samus',56.7475,84.6992,11.8,80,100,2.55,RU,1682616970
450,kuqa,41.7278,82.9364,16.1,15,0,1.18,CN,1682616970
451,galle,6.0367,80.217,26.99,83,94,5.13,LK,1682616868
452,manakara,-22.1333,48.0167,22.2,83,7,2.61,MG,1682616971
453,tabas,33.5959,56.9244,25.35,33,100,6.26,IR,1682616972
454,tahe,52.3333,124.7333,-1.7,62,66,0.71,CN,1682616972
455,babat,-7.1128,112.1635,24.75,93,92,1.12,ID,1682616973
456,champerico,14.3,-91.9167,33.3,58,95,4.74,GT,1682616973
457,archangelos,36.2149,28.1149,16.99,74,0,6.26,GR,1682616973
458,hilo,19.7297,-155.09,27.38,78,0,1.54,US,1682616973
459,soure,-0.7167,-48.5233,26.52,84,100,2.33,BR,1682616973
460,aroma,15.8167,36.1333,34.31,24,37,6.89,SD,1682616974
461,gao,16.6362,1.637,34.89,7,0,4.56,ML,1682616974
462,el nido,11.1858,119.3956,28.87,74,7,6.74,PH,1682616975
463,axim,4.8699,-2.2405,28.1,78,95,5.4,GH,1682616975
464,timimoun,29.2639,0.231,34.96,7,0,4.83,DZ,1682616976
465,conde,-7.2597,-34.9075,29.7,66,40,3.09,BR,1682616976
466,sarangani,5.4033,125.4636,28.68,76,96,8.28,PH,1682616976
467,yongchuan,29.3514,105.8947,21.14,73,100,1.89,CN,1682616977
468,touros,-5.1989,-35.4608,27.59,80,100,2.59,BR,1682616977
469,chayan,43.0297,69.3772,16.48,34,0,4.36,KZ,1682616977
470,toliara,-23.35,43.6667,22.69,67,0,5.12,MG,1682616977
471,sola,-13.8833,167.55,27.22,72,2,2.11,VU,1682616977
472,bogalusa,30.791,-89.8487,24.3,83,75,2.57,US,1682616978
473,namibe,-15.1961,12.1522,23.93,78,74,5.44,AO,1682616978
474,bobrov,51.0961,40.0333,12.53,86,79,3.75,RU,1682616978
475,udachny,66.4167,112.4,-13.77,98,49,1.5,RU,1682616979
476,nuku'alofa,-21.1333,-175.2,25.19,88,40,6.69,TO,1682616979
477,puerto baquerizo moreno,-0.9,-89.6,29.55,70,40,3.09,EC,1682616762
478,hoemul-li,41.4339,129.67,10.19,71,85,0.77,KP,1682616980
479,broome,42.2506,-75.833,14.18,58,73,1.79,US,1682616980
480,tokar,18.4254,37.729,28.89,68,65,2.97,SD,1682616980
481,bichura,50.5881,107.6022,-4.87,94,86,1.72,RU,1682616980
482,kiruna,67.8557,20.2251,6.51,61,75,5.14,SE,1682616981
483,oodweyne,9.4092,45.064,25.11,63,98,1.1,SO,1682616981
484,kayyerkan,69.3786,87.7439,-11.5,100,99,1.81,RU,1682616982
485,aksu,41.1231,80.2644,16.43,21,44,1.57,CN,1682616982
486,worthington,40.0931,-83.018,16.9,39,0,4.12,US,1682616983
487,daru,-9.0763,143.2092,25.82,88,99,4.8,PG,1682616983
488,katsuura,35.1333,140.3,17.81,70,100,7.36,JP,1682616984
489,grand falls-windsor,48.9332,-55.6649,11.39,54,23,0.89,CA,1682616984
490,labuan,5.2767,115.2417,27.2,89,20,0.0,MY,1682616984
491,mossel bay,-34.1831,22.146,17.96,80,20,2.07,ZA,1682616985
492,san patricio,28.017,-97.5169,26.6,75,76,6.04,US,1682616985
493,ishigaki,24.3448,124.1572,23.07,94,40,4.63,JP,1682616985
494,mabaruma,8.2,-59.7833,27.41,88,80,2.2,GY,1682616987
495,atri,42.5778,13.9848,13.51,67,97,1.42,IT,1682616987
496,naifaru,5.4444,73.3657,29.01,76,54,3.06,MV,1682616987
497,calvinia,-31.4707,19.776,13.8,79,41,1.94,ZA,1682616989
498,wuwei,37.9281,102.6414,3.45,74,63,9.35,CN,1682616989
499,san jose del guaviare,2.5729,-72.6459,28.49,74,71,1.61,CO,1682616989
500,ksar el boukhari,35.8889,2.7491,27.82,22,35,3.19,DZ,1682616990
501,villarrica,-25.75,-56.4333,26.11,44,0,2.28,PY,1682616990
502,taro,-8.3862,115.28,24.0,96,98,0.77,ID,1682616990
503,seabra,-12.4186,-41.7703,31.83,27,6,2.86,BR,1682616991
504,tawau,4.2498,117.8871,25.07,86,98,1.82,MY,1682616991
505,camacupa,-12.0167,17.4833,17.65,61,8,1.04,AO,1682616991
506,nova borova,50.693,28.6345,6.82,68,98,2.36,UA,1682616991
507,funadhoo,6.15,73.2667,29.28,75,79,2.85,MV,1682616991
508,kidal,18.4411,1.4078,35.54,5,0,2.99,ML,1682616992
509,sao joao da barra,-21.6403,-41.0511,31.05,60,12,1.32,BR,1682616992
510,chekmagush,55.1319,54.6556,14.9,56,49,2.9,RU,1682616993
511,i-n-salah,27.1935,2.4607,35.37,8,0,5.86,DZ,1682616993
512,waddan,29.1614,16.139,27.4,23,0,5.4,LY,1682616993
513,reggane,26.7158,0.1714,36.36,6,0,4.68,DZ,1682616993
514,undurkhaan,47.3194,110.6556,-0.85,51,59,2.56,MN,1682616993
515,mahina,-17.5065,-149.489,26.87,83,40,1.03,PF,1682616993
516,bodo,67.28,14.405,6.08,89,100,3.09,NO,1682616911
517,shimoda,34.6667,138.95,13.39,76,73,4.36,JP,1682616994
518,ulladulla,-35.35,150.4667,14.76,72,0,2.93,AU,1682616994
519,lebrija,36.9208,-6.0753,34.05,25,0,3.09,ES,1682616930
520,vakfikebir,41.0458,39.2764,16.93,88,79,2.76,TR,1682616995
521,melekeok village,7.4957,134.6367,27.31,89,75,0.0,PW,1682616995
522,arraial do cabo,-22.9661,-42.0278,27.98,69,0,5.66,BR,1682616995
523,san rafael del yuma,18.4299,-68.6739,32.11,51,71,3.36,DO,1682616997
524,oamaru,-45.0784,170.9801,8.49,80,0,3.29,NZ,1682616997
525,vallenar,-28.5708,-70.7581,25.89,33,4,2.66,CL,1682616722
526,kununurra,-15.7667,128.7333,23.99,88,18,0.51,AU,1682616997
527,natchez,31.5604,-91.4032,21.25,83,0,5.14,US,1682616951
528,laela,-8.5667,32.05,15.37,85,97,1.94,TZ,1682616998
529,sanger,36.708,-119.556,30.24,39,0,4.12,US,1682616998
530,soio,-6.1349,12.3689,26.56,86,99,3.3,AO,1682616998
531,saint-francois,46.4154,3.9054,20.69,52,0,1.54,FR,1682616998
532,monteagudo,-19.8167,-63.9833,28.51,40,9,2.42,BO,1682616998
533,serra,-20.1286,-40.3078,31.7,51,20,5.14,BR,1682616999
534,krutinka,56.0055,71.5113,16.85,32,99,7.92,RU,1682616999
535,masuguru,-11.3667,38.4167,24.07,71,44,1.16,TZ,1682616999
536,lubang,13.8584,120.124,27.65,78,3,8.2,PH,1682617000
537,colac,-38.3333,143.5833,14.91,79,36,4.34,AU,1682617000
538,greenville,35.6127,-77.3663,17.09,98,100,4.12,US,1682617000
